{
	 "rootnode": {
		 "name": "cube.obj"
		,"transformation": [
			 1
			,0
			,0
			,0
			,0
			,1
			,0
			,0
			,0
			,0
			,1
			,0
			,0
			,0
			,0
			,1
		]
		,"children": [
			{
				 "name": "defaultobject"
				,"transformation": [
					 1
					,0
					,0
					,0
					,0
					,1
					,0
					,0
					,0
					,0
					,1
					,0
					,0
					,0
					,0
					,1
				]
				,"meshes": [
					 0
				]
			}
		]
	}
	,"flags": 8
	,"meshes": [
		{
			 "name": ""
			,"materialindex": 0
			,"primitivetypes": 4
			,"vertices": [
				 0.600339
				,-0.600339
				,0.600339
				,-0.600339
				,-0.600339
				,-0.60034
				,0.600339
				,-0.600339
				,-0.600339
				,-0.600339
				,0.600339
				,-0.600339
				,0.600339
				,0.600339
				,0.60034
				,0.60034
				,0.600339
				,-0.600339
				,0.60034
				,0.600339
				,-0.600339
				,0.600339
				,-0.600339
				,0.600339
				,0.600339
				,-0.600339
				,-0.600339
				,0.600339
				,0.600339
				,0.60034
				,-0.600339
				,-0.600339
				,0.600339
				,0.600339
				,-0.600339
				,0.600339
				,-0.600339
				,-0.600339
				,0.600339
				,-0.600339
				,0.600339
				,-0.600339
				,-0.600339
				,-0.600339
				,-0.60034
				,0.600339
				,-0.600339
				,-0.600339
				,-0.600339
				,0.600339
				,-0.600339
				,0.60034
				,0.600339
				,-0.600339
				,-0.600339
				,-0.600339
				,0.600339
				,-0.60034
				,0.600339
				,0.600339
				,0.600339
				,0.600339
				,0.60034
				,-0.60034
				,0.600339
				,0.600339
				,-0.60034
				,0.600339
				,0.600339
				,-0.600339
				,-0.600339
				,-0.60034
			]
			,"normals": [
				 0
				,-1
				,0
				,0
				,-1
				,0
				,0
				,-1
				,0
				,0
				,1
				,0
				,0
				,1
				,0
				,0
				,1
				,0
				,1
				,-0
				,0
				,1
				,-0
				,0
				,1
				,-0
				,0
				,-0
				,-0
				,1
				,-0
				,-0
				,1
				,-0
				,-0
				,1
				,-1
				,-0
				,-0
				,-1
				,-0
				,-0
				,-1
				,-0
				,-0
				,0
				,0
				,-1
				,0
				,0
				,-1
				,0
				,0
				,-1
				,0
				,-1
				,0
				,0
				,1
				,0
				,1
				,-0
				,0
				,-0
				,-0
				,1
				,-1
				,-0
				,-0
				,0
				,0
				,-1
			]
			,"tangents": [
				 0
				,0
				,1
				,0
				,0
				,1
				,0
				,0
				,1
				,8.77016e-07
				,0
				,-1
				,8.77016e-07
				,0
				,-1
				,8.93562e-07
				,0
				,-1
				,0
				,-1
				,-2.97855e-07
				,0
				,-1
				,-2.97855e-07
				,0
				,-1
				,0
				,-1
				,0
				,0
				,-1
				,0
				,0
				,-1
				,0
				,0
				,0
				,-1
				,-5.95711e-07
				,0
				,-1
				,-5.95711e-07
				,0
				,-1
				,-8.93566e-07
				,-5.62615e-07
				,-1
				,0
				,-5.62615e-07
				,-1
				,0
				,-8.43922e-07
				,-1
				,0
				,0
				,0
				,1
				,8.43922e-07
				,0
				,-1
				,0
				,-1
				,-8.93566e-07
				,-1
				,0
				,0
				,0
				,-1
				,0
				,0
				,-1
				,0
			]
			,"bitangents": [
				 1
				,0
				,5.95711e-07
				,1
				,0
				,5.95711e-07
				,1
				,0
				,8.93566e-07
				,1
				,0
				,2.97855e-07
				,1
				,0
				,2.97855e-07
				,1
				,0
				,0
				,0
				,0
				,1
				,0
				,0
				,1
				,0
				,0
				,1
				,-2.97855e-07
				,1
				,0
				,-2.97855e-07
				,1
				,0
				,0
				,1
				,0
				,0
				,0
				,-1
				,0
				,0
				,-1
				,0
				,0
				,-1
				,1
				,0
				,0
				,1
				,0
				,0
				,1
				,0
				,0
				,1
				,0
				,0
				,1
				,0
				,8.93565e-07
				,0
				,0
				,1
				,-8.93566e-07
				,1
				,0
				,0
				,0
				,-1
				,1
				,0
				,0
			]
			,"numuvcomponents": [
				 2
			]
			,"texturecoords": [
				[
					 0.333333
					,0.666667
					,0
					,1
					,0
					,0.666667
					,0.333333
					,0.666667
					,0
					,0.333333
					,0.333333
					,0.333333
					,0.333333
					,0.333333
					,0.666667
					,0
					,0.666667
					,0.333333
					,0
					,0
					,0.333333
					,0.333333
					,0
					,0.333333
					,1
					,0.333333
					,0.666667
					,0
					,1
					,0
					,0.666667
					,0.333333
					,0.333333
					,0.666667
					,0.333333
					,0.333333
					,0.333333
					,1
					,0
					,0.666667
					,0.333333
					,0
					,0.333333
					,0
					,0.666667
					,0.333333
					,0.666667
					,0.666667
				]
			]
			,"faces": [
				[
					 0
					,1
					,2
				]
				,[
					 0
					,18
					,1
				]
				,[
					 3
					,4
					,5
				]
				,[
					 3
					,19
					,4
				]
				,[
					 6
					,7
					,8
				]
				,[
					 6
					,20
					,7
				]
				,[
					 9
					,10
					,11
				]
				,[
					 9
					,21
					,10
				]
				,[
					 12
					,13
					,14
				]
				,[
					 12
					,22
					,13
				]
				,[
					 15
					,16
					,17
				]
				,[
					 15
					,23
					,16
				]
			]
		}
	]
	,"materials": [
		{
			 "properties": [
				{
					 "key": "?mat.name"
					,"semantic": 0
					,"index": 0
					,"type": 3
					,"value": "DefaultMaterial"
				}
				,{
					 "key": "$mat.shadingm"
					,"semantic": 0
					,"index": 0
					,"type": 4
					,"value": 2
				}
				,{
					 "key": "$clr.ambient"
					,"semantic": 0
					,"index": 0
					,"type": 1
					,"value": [
						 0
						,0
						,0
					]
				}
				,{
					 "key": "$clr.diffuse"
					,"semantic": 0
					,"index": 0
					,"type": 1
					,"value": [
						 0.6
						,0.6
						,0.6
					]
				}
				,{
					 "key": "$clr.specular"
					,"semantic": 0
					,"index": 0
					,"type": 1
					,"value": [
						 0
						,0
						,0
					]
				}
				,{
					 "key": "$clr.emissive"
					,"semantic": 0
					,"index": 0
					,"type": 1
					,"value": [
						 0
						,0
						,0
					]
				}
				,{
					 "key": "$mat.shininess"
					,"semantic": 0
					,"index": 0
					,"type": 1
					,"value": 0
				}
				,{
					 "key": "$mat.opacity"
					,"semantic": 0
					,"index": 0
					,"type": 1
					,"value": 1
				}
				,{
					 "key": "$mat.refracti"
					,"semantic": 0
					,"index": 0
					,"type": 1
					,"value": 1
				}
			]
		}
	]
}
